{
  "Random Forest": {
    "mean": 0.9920997991929704,
    "std": 0.001584620716988719,
    "folds": [
      0.9940577249575552,
      0.9897959183673469,
      0.9910676307954062,
      0.9936251593710157,
      0.9919525624735281
    ]
  },
  "SVM": {
    "mean": 0.9881507606586704,
    "std": 0.0021392633881894612,
    "folds": [
      0.9906621392190152,
      0.9867577958137548,
      0.9872231686541738,
      0.9854327335047129,
      0.9906779661016949
    ]
  },
  "Gradient Boosting": {
    "mean": 0.9916847682422457,
    "std": 0.0014117642378708212,
    "folds": [
      0.9927935565917761,
      0.9889643463497453,
      0.991932059447983,
      0.9927813163481953,
      0.9919525624735281
    ]
  }
}