{"rf_fpr": [0.0, 0.0, 0.0, 0.0, 0.0, 0.0, 0.0, 0.0, 0.0, 0.0014184397163120568, 0.0014184397163120568, 0.00425531914893617, 0.00425531914893617, 0.00425531914893617, 0.005673758865248227, 0.005673758865248227, 0.009929078014184398, 0.009929078014184398, 0.009929078014184398, 0.011347517730496455, 0.011347517730496455, 0.01276595744680851, 0.014184397163120567, 0.015602836879432624, 0.015602836879432624, 0.01702127659574468, 0.018439716312056736, 0.019858156028368795, 0.02695035460992908, 0.031205673758865248, 0.03687943262411347, 0.04113475177304964, 0.04964539007092199, 0.05390070921985816, 0.062411347517730496, 0.07092198581560284, 0.07659574468085106, 0.0851063829787234, 0.09645390070921986, 0.11631205673758865, 0.1375886524822695, 0.1702127659574468, 0.20425531914893616, 0.27801418439716313, 1.0], "rf_tpr": [0.0, 0.8832054560954816, 0.9215686274509803, 0.9420289855072463, 0.9514066496163683, 0.9641943734015346, 0.9667519181585678, 0.9701619778346121, 0.9710144927536232, 0.9718670076726342, 0.9727195225916454, 0.9735720375106565, 0.9769820971867008, 0.979539641943734, 0.9812446717817562, 0.9838022165387894, 0.9838022165387894, 0.9846547314578005, 0.9880647911338448, 0.9880647911338448, 0.989769820971867, 0.989769820971867, 0.9906223358908781, 0.9906223358908781, 0.9914748508098892, 0.9914748508098892, 0.9923273657289002, 0.9923273657289002, 0.9923273657289002, 0.9931798806479113, 0.9931798806479113, 0.9931798806479113, 0.9931798806479113, 0.9931798806479113, 0.9931798806479113, 0.9940323955669225, 0.9940323955669225, 0.9940323955669225, 0.9940323955669225, 0.9948849104859335, 0.9957374254049446, 0.9957374254049446, 0.9974424552429667, 0.9974424552429667, 1.0], "rf_auc": 0.9976117489857492, "svm_fpr": [0.0, 0.0, 0.0, 0.0014184397163120568, 0.0014184397163120568, 0.0028368794326241137, 0.0028368794326241137, 0.00425531914893617, 0.00425531914893617, 0.005673758865248227, 0.005673758865248227, 0.0070921985815602835, 0.0070921985815602835, 0.009929078014184398, 0.009929078014184398, 0.011347517730496455, 0.011347517730496455, 0.01276595744680851, 0.01276595744680851, 0.014184397163120567, 0.014184397163120567, 0.015602836879432624, 0.015602836879432624, 0.01702127659574468, 0.01702127659574468, 0.019858156028368795, 0.019858156028368795, 0.02269503546099291, 0.02269503546099291, 0.02695035460992908, 0.029787234042553193, 0.04539007092198582, 0.04539007092198582, 0.04822695035460993, 0.04822695035460993, 0.10780141843971631, 0.10780141843971631, 0.16879432624113475, 0.16879432624113475, 0.18156028368794327, 0.18156028368794327, 0.20141843971631207, 0.20141843971631207, 0.22695035460992907, 0.22695035460992907, 0.35602836879432626, 0.35602836879432626, 0.4127659574468085, 0.4127659574468085, 0.44397163120567373, 0.44397163120567373, 0.5716312056737589, 0.5716312056737589, 0.6226950354609929, 0.6226950354609929, 0.7560283687943262, 0.7560283687943262, 1.0], "svm_tpr": [0.0, 0.0008525149190110827, 0.6163682864450127, 0.6163682864450127, 0.6462063086104007, 0.6462063086104007, 0.9019607843137255, 0.9019607843137255, 0.969309462915601, 0.969309462915601, 0.9718670076726342, 0.9718670076726342, 0.9727195225916454, 0.9727195225916454, 0.9735720375106565, 0.9735720375106565, 0.9744245524296675, 0.9744245524296675, 0.9778346121057119, 0.9778346121057119, 0.9838022165387894, 0.9838022165387894, 0.9846547314578005, 0.9846547314578005, 0.9855072463768116, 0.9855072463768116, 0.9872122762148338, 0.9872122762148338, 0.9889173060528559, 0.9889173060528559, 0.9889173060528559, 0.9889173060528559, 0.989769820971867, 0.989769820971867, 0.9906223358908781, 0.9906223358908781, 0.9914748508098892, 0.9914748508098892, 0.9923273657289002, 0.9923273657289002, 0.9931798806479113, 0.9931798806479113, 0.9940323955669225, 0.9940323955669225, 0.9948849104859335, 0.9948849104859335, 0.9957374254049446, 0.9957374254049446, 0.9965899403239556, 0.9965899403239556, 0.9974424552429667, 0.9974424552429667, 0.9982949701619779, 0.9982949701619779, 0.9991474850809889, 0.9991474850809889, 1.0, 1.0], "svm_auc": 0.9951461065462263, "gbt_fpr": [0.0, 0.0, 0.0, 0.0, 0.0, 0.0, 0.0, 0.0, 0.0, 0.0, 0.0, 0.0, 0.0, 0.0, 0.0, 0.0, 0.0, 0.0, 0.0, 0.0, 0.0, 0.0, 0.0, 0.0, 0.0, 0.0, 0.0, 0.0, 0.0, 0.0, 0.0, 0.0, 0.0, 0.0, 0.0, 0.0, 0.0, 0.0, 0.0, 0.0, 0.0, 0.0, 0.0, 0.0, 0.0, 0.0, 0.0, 0.0, 0.0, 0.0, 0.0, 0.0, 0.0, 0.0, 0.0, 0.0, 0.0, 0.0, 0.0, 0.0, 0.0, 0.0, 0.0, 0.0, 0.0, 0.0, 0.0, 0.0, 0.0, 0.0, 0.0, 0.0, 0.0, 0.0, 0.0, 0.0, 0.0, 0.0, 0.0, 0.0, 0.0, 0.0, 0.0, 0.0, 0.0, 0.0, 0.0, 0.0, 0.0, 0.0, 0.0, 0.0, 0.0, 0.0, 0.0, 0.0, 0.0, 0.0, 0.0, 0.0, 0.0, 0.0, 0.0, 0.0, 0.0, 0.0, 0.0, 0.0, 0.0, 0.0, 0.0, 0.0, 0.0014184397163120568, 0.0014184397163120568, 0.0014184397163120568, 0.0014184397163120568, 0.0028368794326241137, 0.0028368794326241137, 0.00425531914893617, 0.00425531914893617, 0.011347517730496455, 0.011347517730496455, 0.014184397163120567, 0.014184397163120567, 0.018439716312056736, 0.018439716312056736, 0.02269503546099291, 0.02269503546099291, 0.024113475177304965, 0.024113475177304965, 0.02695035460992908, 0.02695035460992908, 0.028368794326241134, 0.028368794326241134, 0.03687943262411347, 0.03687943262411347, 0.05390070921985816, 0.05390070921985816, 0.09361702127659574, 0.09361702127659574, 0.09645390070921986, 0.09645390070921986, 0.17446808510638298, 0.17446808510638298, 0.22411347517730495, 0.22411347517730495, 0.22695035460992907, 0.22695035460992907, 0.3475177304964539, 0.350354609929078, 0.3730496453900709, 0.375886524822695, 0.3773049645390071, 0.38156028368794326, 0.39858156028368796, 0.4014184397163121, 0.41134751773049644, 0.41134751773049644, 0.41418439716312055, 0.4226950354609929, 0.42836879432624114, 0.43120567375886526, 0.4340425531914894, 0.44680851063829785, 0.451063829787234, 0.4524822695035461, 0.45673758865248226, 0.4581560283687943, 0.47092198581560285, 0.4765957446808511, 0.48226950354609927, 0.4836879432624113, 0.48652482269503544, 0.4921985815602837, 0.4950354609929078, 0.4978723404255319, 0.502127659574468, 0.5063829787234042, 0.5148936170212766, 0.5191489361702127, 0.5234042553191489, 0.526241134751773, 0.5319148936170213, 0.5347517730496454, 0.5361702127659574, 0.5404255319148936, 0.5446808510638298, 0.548936170212766, 0.5517730496453901, 0.5560283687943263, 0.5588652482269504, 0.5617021276595745, 0.5687943262411348, 0.5758865248226951, 0.5858156028368794, 0.5900709219858156, 0.5957446808510638, 0.5985815602836879, 0.6070921985815603, 0.6085106382978723, 0.6127659574468085, 0.6141843971631206, 0.6184397163120567, 0.6198581560283688, 0.6297872340425532, 0.6326241134751773, 0.6354609929078014, 0.6382978723404256, 0.6425531914893617, 0.6638297872340425, 0.6652482269503546, 0.6709219858156028, 0.6780141843971631, 0.6794326241134752, 0.7021276595744681, 0.7106382978723405, 0.7290780141843972, 0.7333333333333333, 0.7531914893617021, 0.7560283687943262, 0.7602836879432624, 0.7617021276595745, 0.7673758865248227, 0.7872340425531915, 0.7914893617021277, 0.7943262411347518, 0.8397163120567376, 0.8425531914893617, 0.849645390070922, 0.851063829787234, 0.8567375886524823, 0.8609929078014185, 0.8652482269503546, 0.9049645390070922, 0.9078014184397163, 0.9148936170212766, 0.9177304964539007, 0.9773049645390071, 0.9815602836879432, 1.0],